-- MySQL dump 10.13  Distrib 5.7.12, for Win32 (AMD64)
--
-- Host: localhost    Database: uni_app_db
-- ------------------------------------------------------
-- Server version	5.7.17-log

/*!40101 SET @OLD_CHARACTER_SET_CLIENT=@@CHARACTER_SET_CLIENT */;
/*!40101 SET @OLD_CHARACTER_SET_RESULTS=@@CHARACTER_SET_RESULTS */;
/*!40101 SET @OLD_COLLATION_CONNECTION=@@COLLATION_CONNECTION */;
/*!40101 SET NAMES utf8 */;
/*!40103 SET @OLD_TIME_ZONE=@@TIME_ZONE */;
/*!40103 SET TIME_ZONE='+00:00' */;
/*!40014 SET @OLD_UNIQUE_CHECKS=@@UNIQUE_CHECKS, UNIQUE_CHECKS=0 */;
/*!40014 SET @OLD_FOREIGN_KEY_CHECKS=@@FOREIGN_KEY_CHECKS, FOREIGN_KEY_CHECKS=0 */;
/*!40101 SET @OLD_SQL_MODE=@@SQL_MODE, SQL_MODE='NO_AUTO_VALUE_ON_ZERO' */;
/*!40111 SET @OLD_SQL_NOTES=@@SQL_NOTES, SQL_NOTES=0 */;

--
-- Table structure for table `apl_usuarios`
--

DROP TABLE IF EXISTS `apl_usuarios`;
/*!40101 SET @saved_cs_client     = @@character_set_client */;
/*!40101 SET character_set_client = utf8 */;
CREATE TABLE `apl_usuarios` (
  `CODIGO` int(11) NOT NULL AUTO_INCREMENT,
  `COD_APLICACION` int(11) DEFAULT NULL,
  `COD_USUARIO` int(11) DEFAULT NULL,
  PRIMARY KEY (`CODIGO`),
  KEY `fk_usuarios_idx` (`COD_USUARIO`),
  KEY `fk_aplicaciones_idx` (`COD_APLICACION`),
  CONSTRAINT `fk_aplicaciones` FOREIGN KEY (`COD_APLICACION`) REFERENCES `aplicaciones` (`CODIGO`) ON DELETE CASCADE ON UPDATE CASCADE,
  CONSTRAINT `fk_usuarios` FOREIGN KEY (`COD_USUARIO`) REFERENCES `usuarios` (`CODIGO`) ON DELETE CASCADE ON UPDATE CASCADE
) ENGINE=InnoDB AUTO_INCREMENT=15 DEFAULT CHARSET=utf8;
/*!40101 SET character_set_client = @saved_cs_client */;

--
-- Dumping data for table `apl_usuarios`
--

LOCK TABLES `apl_usuarios` WRITE;
/*!40000 ALTER TABLE `apl_usuarios` DISABLE KEYS */;
INSERT INTO `apl_usuarios` VALUES (12,2,9),(13,1,9),(14,1,10);
/*!40000 ALTER TABLE `apl_usuarios` ENABLE KEYS */;
UNLOCK TABLES;

--
-- Table structure for table `aplicaciones`
--

DROP TABLE IF EXISTS `aplicaciones`;
/*!40101 SET @saved_cs_client     = @@character_set_client */;
/*!40101 SET character_set_client = utf8 */;
CREATE TABLE `aplicaciones` (
  `CODIGO` int(11) NOT NULL AUTO_INCREMENT,
  `NOMBRE` varchar(100) DEFAULT NULL,
  `ESTADO` varchar(100) DEFAULT NULL,
  PRIMARY KEY (`CODIGO`)
) ENGINE=InnoDB AUTO_INCREMENT=3 DEFAULT CHARSET=utf8;
/*!40101 SET character_set_client = @saved_cs_client */;

--
-- Dumping data for table `aplicaciones`
--

LOCK TABLES `aplicaciones` WRITE;
/*!40000 ALTER TABLE `aplicaciones` DISABLE KEYS */;
INSERT INTO `aplicaciones` VALUES (1,'Inicio','1'),(2,'Usuarios','1');
/*!40000 ALTER TABLE `aplicaciones` ENABLE KEYS */;
UNLOCK TABLES;

--
-- Table structure for table `docente`
--

DROP TABLE IF EXISTS `docente`;
/*!40101 SET @saved_cs_client     = @@character_set_client */;
/*!40101 SET character_set_client = utf8 */;
CREATE TABLE `docente` (
  `NIT` int(11) NOT NULL,
  `NOMBRE` varchar(100) DEFAULT NULL,
  `APELLIDO` varchar(100) DEFAULT NULL,
  PRIMARY KEY (`NIT`)
) ENGINE=InnoDB DEFAULT CHARSET=utf8;
/*!40101 SET character_set_client = @saved_cs_client */;

--
-- Dumping data for table `docente`
--

LOCK TABLES `docente` WRITE;
/*!40000 ALTER TABLE `docente` DISABLE KEYS */;
INSERT INTO `docente` VALUES (270764,'VÍCTOR KENRY','CRUZ RODRÍGUEZ'),(373559,'VARGAS DIAZ','SALVADOR'),(427965,'ASHRAF NAGEH EBRAHIM','ABDELMALAK'),(518578,'PAULO SERGIO','DILLON SOARES FILHO'),(2989134,'HERNAN ALEJANDRO','ALFONSO GOMEZ'),(3446172,'NELSON ANTONIO','PEREZ CANO'),(3614229,'LUIS CARLOS','DUQUE NARANJO'),(4613147,'CARLOS ENRIQUE','CABRERA MARTINEZ'),(7160856,'URIEL AUGUSTO','MUÑOZ CEPEDA'),(7167314,'WILTON GERARDO','SANCHEZ CASTELBLANCO'),(7173600,'ARIEL AUGUSTO','ECHEVERRY HERNANDEZ'),(7222770,'HECTOR MANUEL','VEGA'),(10272130,'HECTOR DARIO','HERRERA HENAO'),(10293643,'HORACIO ANDRES','CORAL ENRIQUEZ'),(11255678,'JOHN ALIRIO','OLARTE RAMOS'),(11347421,'RICARDO AUGUSTO','RIOS LINARES'),(11510980,'HERNAN ANDRES','SUAREZ URIBE'),(11797953,'YAMIL','BUENAÑO PALACIOS'),(12201745,'VICENTE','VALENZUELA OSORIO'),(12557374,'ÓSCAR EMILIO','UTRIA RODRÍGUEZ'),(12989600,'JOSE OLMEDO','LOPEZ OLIVA'),(13715624,'MIGUEL ANGEL','SOTAQUIRA GUTIERREZ'),(13723051,'EDUARDO','PICO MENDOZA'),(13844664,'JORGE OSWALDO','GONZALEZ ORTIZ'),(13928334,'WILDER EDUARDO','CASTELLANOS HERNANDEZ'),(14220689,'JAIME','FERRO VASQUEZ'),(14326665,'LUIS GABRIEL','REYES CALDERON'),(17039843,'JOSÉ MANUEL','FULA TORRES'),(17158040,'CARLOS ALBERTO','BERNAL ROMAN'),(17902831,'MORIAN NAIR','CALDERON DIAZ'),(19065204,'CARLOS GERMAN','LA ROTTA LA ROTTA'),(19199516,'FELIPE SANTIAGO','PULIDO GRACIA'),(19237468,'PEDRO ENRIQUE','ROZO MATAMOROS'),(19284106,'YOINER','CIFUENTES CORREA'),(19285253,'CARLOS JULIO','ROZO RUBIANO'),(19337206,'FABIO ALBERTO','LOZANO VELÁSQUEZ'),(19411156,'SERVIO ALBERTO','CAICEDO CORDOBA'),(19454258,'JESUS ALBERTO','SUAREZ PINEDA'),(19493589,'JUAN CARLOS','SARMIENTO REYES'),(20423586,'MARIA EUGENIA','PIRICHICAN ALAGAN'),(20948618,'MARIA VICTORIA','SARMIENTO FRADE'),(24331683,'LUZ KARIME','HERNANDEZ NAVARRETE'),(32795678,'PAULA ANDREA','MEJIA HENAO'),(35197566,'SUSAN JULIETTE','LEÓN CRISTANCHO'),(37337995,'MARIA ANGELICA','ACOSTA PEREZ'),(39492681,'INDI SUNAMIS','CALDERON DIAZ'),(39686951,'YOLANDA','MARIN VALENCIA'),(39689143,'ANA MARIA','BRANDO DURAN'),(39773213,'MARÍA EDNA','CASTRO NIETO'),(40012462,'PAULINA','RAMIREZ AYALA'),(40047104,'DYANA CATALINA','PEREIRA ESGUERRA'),(40189417,'DIANA MARIA','REY LEMA'),(41661000,'CLARA INES','MOLINA DE BARBOSA'),(43818913,'YAZMIN ELENA','RIOS LEMOS'),(46385898,'JOHANA CAROLINA','MARTÍNEZ BALLESTEROS'),(51586342,'TULIA','ALMANZA LOAIZA'),(51741965,'CLAUDIA MARCELA','DUARTE PULIDO'),(51882073,'MARIBEL','VERGARA ARBOLEDA'),(51899964,'LILIANA','BOHORQUEZ  AGUDELO'),(52040052,'MARTHA BIBIANA','GONZALEZ QUIROGA'),(52158910,'LUISA FERNANDA','GALINDO VILLARREAL'),(52191975,'YALILY','VARGAS AVILA'),(52255495,'CLAUDIA PATRICIA','HEREDIA DIAZ'),(52257170,'ALICE MARCELA','GUTIERREZ PEREZ'),(52265749,'DIANA PATRICIA','WALTEROS ASTAIZA'),(52334767,'FRANCY MILENA','MARTINEZ BASTO'),(52368320,'DIANA MARCELA','FIGUEROA FONSECA'),(52421927,'SANDRA MILDRED','VALENCIA BONILLA'),(52449592,'JULIA HELENA','IBAÑEZ SILVA'),(52462225,'YOANNA DEL PILAR','GARCIA QUIROGA'),(52515245,'DIANA MILENA','CELIS VARGAS'),(52646676,'MARIA ROCIO','ACOSTA BARRETO'),(52699900,'LAURA VICTORIA','MEDINA SANCHEZ'),(52778924,'ANGELA ANDREA','ROMERO MENDOZA'),(52822205,'BLANCA CONSUELO','WYNTER SARMIENTO'),(52874365,'SANDRA','SANCHEZ RINCON'),(52960824,'IVONNE ADRIANA','RABALLATY PARRA'),(52961630,'KATHERINE DAHIAN','BARRETO MONTERO'),(52979886,'YEIMY VIVIANA','MARIN CHAVES'),(53031245,'JENNY CATHERINE','ORTIZ MORALES'),(53045703,'HEIDI TATIANA','JIMENEZ ARIZA'),(53139260,'DIANA JENNIFER','ACOSTA PINEDA'),(53177254,'YAQUELIN','GARCIA GARZON'),(63355117,'MARIA ISABEL','PLATA ROSAS'),(71603222,'LUIS FERNANDO','BENITEZ ARIAS'),(72155281,'WILSON MAURO','ROJAS REALES'),(73085721,'EDGAR BENJAMIN','RIVERA FLOREZ'),(73162060,'RODOLFO ENRIQUE','MATOS NAVAS'),(73542921,'JULIO CESAR','BARRERA VELEZ'),(74170512,'EDGAR LEONARDO','GOMEZ GOMEZ'),(74380866,'BELMAN JAHIR','RODRIGUEZ NIÑO'),(74381341,'RUBÉN DARÍO','SALAZAR BUITRAGO'),(75071235,'YIMY EDISSON','GARCIA VERA'),(75078858,'EDWIN OCTAVIO','GOMEZ GONZALEZ'),(79143731,'JUAN GUILLERMO','DURAN MANTILLA'),(79155776,'HUGO ARMANDO','URREGO MORENO'),(79161640,'CARLOS ALFONSO','AVENDANO TRIVIÑO'),(79293635,'MAURICIO','CANO MUÑOZ'),(79293834,'MILTON JOEL','MARTINEZ MUÑOZ'),(79328843,'CARLOS','FORERO APONTE'),(79412830,'JAIRO ANTONIO','RINCON BECERRA'),(79487041,'HECTOR FABIO','GONZALEZ GARCES'),(79505052,'OVIDIO HERNEI','PEREZ VELASQUEZ'),(79505820,'OSCAR ENRIQUE','RODRIGUEZ BERNAL'),(79510658,'MANUEL DE JESUS','AHUMADA RODRIGUEZ'),(79511692,'DANIEL','APAZA NIÑO'),(79543721,'JUAN CARLOS','TRUJILLO MAHECHA'),(79566088,'EUSEBIO EDINSON','MERCADO MARTINEZ'),(79568143,'WILSON','PINZON VELASCO'),(79576740,'LUIS JORGE','HERRERA FERNANDEZ'),(79577710,'NESTOR ALFONSO','LOPEZ PIÑEROS'),(79596446,'ROBERTO','BOHORQUEZ AVILA'),(79599755,'ELLIOT ALEXANDER','OSORIO MARQUEZ'),(79604576,'JOSE JAVIER','BARRERA'),(79617332,'FRANKLIN GIOVANNI','PUA MORA'),(79618578,'DANIEL EDUARDO','ARCINIEGAS HERRERA'),(79625707,'GIOVANNI','SANCHEZ PRIETO'),(79723998,'CARLOS ANDRÉS','GANTIVA DÍAZ'),(79724012,'LUIS GERMAN','ORTEGA RUIZ'),(79729482,'FREDY GUILLERMO','MUÑOZ RAMÍREZ'),(79754589,'JAIME ALBERTO','ESCOBAR GOMEZ'),(79759331,'JAIRO ENRIQUE','CASTAÑEDA TRUJILLO'),(79802887,'ALVARO GIOVANNI','GONZALEZ HERRERA'),(79855513,'MARCO ANTONIO','JIMENEZ SANCHEZ'),(79865283,'ANDRES RODOLFO','TORRES GOMEZ'),(79866176,'JAIME IVAN','SANCHEZ GORDILLO'),(79882637,'JORGE ENRIQUE','MUÑOZ OYOLA'),(79916476,'JONNATHAN ODRAUDE','MONTENEGRO NIÑO'),(79923232,'CARLOS IVAN','MARTINEZ PACHON'),(79952545,'NESTOR DARIO','PRECIADO MORENO'),(79955420,'EDWIN','VILLAREAL LOPEZ'),(79955605,'RAFAEL FRANCISCO','DIAZ VASQUEZ'),(79955926,'NICOLAS','RICO ROJAS'),(79961559,'MARCELO','HERRERA MARTINEZ'),(79988568,'MARIO ANDRÉS','PEÑARANDA QUINTANA'),(80038807,'DAVID EDUARDO','BOLAÑOS ROSERO'),(80073402,'FABIO ALEJANDRO','MERCHAN RINCON'),(80087303,'GERARDO','RAMÍREZ BONILLA'),(80090202,'FELIPE ANTONIO','VALLEJO MONSALVE'),(80093597,'MIGUEL ÁNGEL','OLIVARES TENORIO'),(80108374,'DARIO ALFONSO','PAEZ SOTO'),(80134620,'LUIS ALEXANDER','APONTE ROJAS'),(80135445,'LUIS FERNANDO','HERMIDA CADENA'),(80152894,'JULIAN SEVERIANO','RODRIGUEZ ACEVEDO'),(80165005,'HECTOR AUGUSTO','ENRIQUEZ LOPEZ'),(80167587,'CESAR AUGUSTO','DELGADO LOMBANA'),(80169584,'RAUL ENRIQUE','RINCON FLOREZ'),(80175248,'LUIS ALEJANDRO','CARRILLO FLOREZ'),(80219678,'WILMER MESIAS','LOPEZ LOPEZ'),(80256103,'WALTER GERARDO','VALENCIA JIMENEZ'),(80528031,'CARLOS EDUARDO','GONZALEZ CIFUENTES'),(80549251,'DANNY BERCELIO','GONZALEZ PINZON'),(80765935,'FELIX JULIAN','GUTIERREZ BERNAL'),(80767238,'JORGE ELIECER','GAITAN AROCA'),(80797857,'RAFAEL MAURICIO','CERPA BERNAL'),(80803144,'ÓSCAR ESNEIDER','ACOSTA AGUDELO'),(80881398,'HENRY ANDRES','PORRAS PERUCHO'),(80931478,'JULIAN EDUARDO','BARBOSA VARGAS'),(81740023,'JOSE DAVID','ALVARADO MORENO'),(86065223,'GABRIEL ALBERTO','PUERTA APONTE'),(88156348,'LUIS ANDERSSEN','VERA MALDONADO'),(88213055,'JOSE EDUARDO','PATIÑO SANTAFE'),(92551317,'LUIS ALFREDO','BOHORQUEZ CALDERA'),(93369699,'JAIME HUMBERTO','MORENO MENDEZ'),(93415096,'MANUEL ALEJANDRO','PRADA LONDOÑO'),(94314888,'LUIS FERNANDO','PINILLOS GOMEZ'),(98392298,'CARLOS ANDRES','ERASO REALPE'),(1013612798,'HAROLD JULIAN','ACOSTA LEON'),(1014187593,'NATALIA ALEXANDRA','PAVA GARCIA'),(1015392134,'DIANA CAROLINA','SUAREZ DIAZ'),(1015420847,'MONICA LILIAN','NUÑEZ MOLINA'),(1016005680,'DIEGO ANDRES','WALTEROS RANGEL'),(1016010343,'EDGAR FERNANDO','RIVEROS MUNEVAR'),(1018420687,'CINDY MARCELA','VALENCIA BONILLA'),(1018481948,'OSBERTH CRISTHIAN LUEF','DE CASTRO CUEVAS'),(1020726205,'CARLOS ALEJANDRO','TORRES PINEDO'),(1020730868,'LUISA FERNANDA','LOPEZ BOLAÑOS'),(1020736595,'DANIEL','AGUDELO NOREÑA'),(1020767529,'ALBA ISABEL','GARCIA GIRALDO'),(1022342338,'INGRID MAYERLY','ARIZA SANCHEZ'),(1022344655,'MARIA ALEJANDRA','OSORIO SANCHEZ'),(1026254526,'ANGEL GIOVANNI','RIVERA NOVOA'),(1026264857,'OLGUER SEBASTIAN','MORALES VALENZUELA'),(1026571656,'LINA MARCELA','PINILLA RODRIGUEZ'),(1030537033,'JOSE ALEJANDRO','URREGO PEÑA'),(1032356984,'LUISA FERNANDA','MONICO MUÑOZ'),(1032364243,'RAFAEL ALBERTO','REYES JALIZEV'),(1032366176,'CARLOS ARTURO','TELLEZ BEDOYA'),(1032374441,'PEDRO LUIS','JIMÉNEZ SOLER'),(1032380203,'DIANA MILENA','CORTES PATIÑO'),(1032391886,'MAURICIO ANDRES','POLOCHE ARANGO'),(1032395689,'MARIA CRISTINA','PEREZ RUIZ'),(1049612498,'LUIS CARLOS','LUIS GARCIA'),(1069078089,'ANDRES ARMANDO','SANCHEZ MARTIN'),(1070943728,'ANDREA','MATIZ CHICACAUSA'),(1075660369,'DARÍO','NIETO CAPADOR'),(1098605159,'ANDRES','BADILLO RODRIGUEZ'),(1110521246,'MONICA TATIANA','BARAHONA VARON'),(1140874105,'ESTHER PATRICIA','MARÍA BUELVAS');
/*!40000 ALTER TABLE `docente` ENABLE KEYS */;
UNLOCK TABLES;

--
-- Table structure for table `edificios`
--

DROP TABLE IF EXISTS `edificios`;
/*!40101 SET @saved_cs_client     = @@character_set_client */;
/*!40101 SET character_set_client = utf8 */;
CREATE TABLE `edificios` (
  `CODIGO` int(11) NOT NULL,
  `NOMBRE` varchar(100) DEFAULT NULL,
  `ESTADO` varchar(10) DEFAULT NULL,
  PRIMARY KEY (`CODIGO`)
) ENGINE=InnoDB DEFAULT CHARSET=utf8;
/*!40101 SET character_set_client = @saved_cs_client */;

--
-- Dumping data for table `edificios`
--

LOCK TABLES `edificios` WRITE;
/*!40000 ALTER TABLE `edificios` DISABLE KEYS */;
INSERT INTO `edificios` VALUES (1,'FRAY DIEGO BARROSO','1'),(2,'FRAY PEDRO SIMÓN','1'),(3,'FRAY ALBERTO MONTEALEGRE','1'),(4,'DUNS SCOTO','1'),(5,'POLIDEPORTIVO','1'),(6,'GUILLERMO DE OCKHAM','1'),(7,'FRAY ROGELIO BACÓN','1'),(8,'NO APLICA','1');
/*!40000 ALTER TABLE `edificios` ENABLE KEYS */;
UNLOCK TABLES;

--
-- Table structure for table `grupos`
--

DROP TABLE IF EXISTS `grupos`;
/*!40101 SET @saved_cs_client     = @@character_set_client */;
/*!40101 SET character_set_client = utf8 */;
CREATE TABLE `grupos` (
  `CODIGO` varchar(100) NOT NULL,
  `COD_MATERIA` int(11) DEFAULT NULL,
  `NUMERO_GRUPO` mediumtext,
  `PL_CODIGO` int(11) DEFAULT NULL,
  `CAPACIDAD` int(11) DEFAULT NULL,
  `CODIGO_DOCENTE` int(11) DEFAULT NULL,
  `INSCRITO` int(11) DEFAULT NULL,
  `PA_CODIGO` int(11) DEFAULT NULL,
  PRIMARY KEY (`CODIGO`),
  KEY `COD_MATERIA` (`COD_MATERIA`),
  KEY `PL_CODIGO` (`PL_CODIGO`),
  KEY `CODIGO_DOCENTE` (`CODIGO_DOCENTE`),
  KEY `PA_CODIGO` (`PA_CODIGO`),
  CONSTRAINT `grupos_ibfk_1` FOREIGN KEY (`COD_MATERIA`) REFERENCES `materias` (`CODIGO`),
  CONSTRAINT `grupos_ibfk_2` FOREIGN KEY (`PL_CODIGO`) REFERENCES `programas` (`CODIGO`),
  CONSTRAINT `grupos_ibfk_3` FOREIGN KEY (`CODIGO_DOCENTE`) REFERENCES `docente` (`NIT`),
  CONSTRAINT `grupos_ibfk_4` FOREIGN KEY (`PA_CODIGO`) REFERENCES `periodos` (`CODIGO`)
) ENGINE=InnoDB DEFAULT CHARSET=utf8;
/*!40101 SET character_set_client = @saved_cs_client */;

--
-- Dumping data for table `grupos`
--

LOCK TABLES `grupos` WRITE;
/*!40000 ALTER TABLE `grupos` DISABLE KEYS */;
INSERT INTO `grupos` VALUES ('372818611',8588,'3728',13,25,518578,21,310),('372918611',8588,'3729',13,25,518578,16,310),('373018611',8583,'3730',13,30,1018420687,22,310),('373118611',8575,'3731',13,40,1032380203,19,310),('373318611',8586,'3733',13,25,93369699,19,310),('373418611',8586,'3734',13,25,93369699,16,310),('373518611',9327,'3735',13,3,39492681,3,310),('373618611',9327,'3736',13,3,39492681,3,310),('373718611',9327,'3737',13,3,39492681,3,310),('373818611',9327,'3738',13,3,52961630,3,310),('373918611',9327,'3739',13,3,52961630,3,310),('374018611',9327,'3740',13,3,52961630,3,310),('374118611',9327,'3741',13,3,1075660369,3,310),('374218611',9327,'3742',13,3,1075660369,3,310),('374318611',9327,'3743',13,3,1075660369,3,310),('374418611',9327,'3744',13,3,1075660369,3,310),('374518611',9327,'3745',13,3,80528031,2,310),('374618611',9327,'3746',13,3,80528031,1,310),('374718611',8598,'3747',13,30,80528031,23,310),('374818611',8598,'3748',13,30,80528031,20,310),('375018611',10072,'3750',13,10,79802887,5,310),('375118611',8593,'3751',13,28,1016010343,28,310),('375218611',8593,'3752',13,28,1016010343,14,310),('375318611',9325,'3753',13,3,52265749,1,310),('375418611',9325,'3754',13,3,52265749,3,310),('375518611',9325,'3755',13,3,1022344655,3,310),('375618611',8590,'3756',13,25,88156348,22,310),('375718611',8590,'3757',13,25,88156348,13,310),('375818611',8595,'3758',13,25,79328843,23,310),('375918611',8595,'3759',13,25,79328843,15,310),('376018611',9306,'3760',13,17,93369699,17,310),('376118611',8602,'3761',13,35,1075660369,32,310),('376318611',8609,'3763',13,35,39492681,18,310),('376418611',8580,'3764',13,20,52158910,14,310),('376518611',8584,'3765',13,30,1022344655,22,310),('376618611',9339,'3766',13,16,14220689,16,310),('376718611',8582,'3767',13,30,19493589,14,310),('376818611',8596,'3768',13,30,52961630,21,310),('376918611',8596,'3769',13,30,52961630,17,310),('377018611',8597,'3770',13,30,39492681,21,310),('377118611',8597,'3771',13,30,39492681,18,310),('377218611',10260,'3772',13,30,52158910,30,310),('377318611',9326,'3773',13,4,1022344655,3,310),('377418611',8592,'3774',13,25,1018420687,25,310),('377518611',8592,'3775',13,25,1018420687,16,310),('377618611',8594,'3776',13,35,88156348,25,310),('377818611',8587,'3778',13,35,518578,20,310),('378018611',8599,'3780',13,30,1026571656,25,310),('378118611',8599,'3781',13,30,1026571656,15,310),('378218611',8589,'3782',13,25,1016010343,19,310),('378318611',8589,'3783',13,25,79328843,19,310),('378418611',8581,'3784',13,30,1032380203,19,310),('378518611',8604,'3785',13,35,1018420687,28,310),('378618611',9324,'3786',13,3,14220689,3,310),('378718611',9324,'3787',13,3,14220689,3,310),('378818611',9324,'3788',13,3,79802887,3,310),('378918611',9324,'3789',13,3,79802887,3,310),('379018611',9324,'3790',13,3,79802887,3,310),('379118611',9324,'3791',13,3,79802887,3,310),('379218611',9324,'3792',13,3,79802887,2,310),('379418611',8577,'3794',13,30,1016010343,17,310),('379518611',9341,'3795',13,15,79161640,1,310),('379618611',8611,'3796',13,22,52158910,16,310),('379718611',8611,'3797',13,22,52265749,19,310),('379818611',9305,'3798',13,25,88156348,17,310),('380018611',8610,'3800',13,30,1022344655,27,310),('380118611',8610,'3801',13,30,1022344655,30,310),('380218611',8603,'3802',13,30,14220689,25,310),('380318611',9304,'3803',13,17,3614229,15,310),('380418611',8574,'3804',13,40,19493589,18,310),('380718611',8591,'3807',13,35,3614229,19,310),('380918611',10073,'3809',13,25,13844664,17,310),('381018611',8626,'3810',13,4,52646676,3,310),('381118611',8626,'3811',13,4,13844664,4,310),('381218611',8626,'3812',13,4,518578,3,310),('381318611',8626,'3813',13,4,1032380203,2,310),('381418611',8626,'3814',13,4,79723998,3,310),('381518611',8622,'3815',13,4,1032380203,4,310),('381618611',8622,'3816',13,4,79328843,3,310),('381718611',8622,'3817',13,4,93369699,2,310),('381818611',8622,'3818',13,4,88156348,4,310),('381918611',8622,'3819',13,4,518578,3,310),('382018611',8622,'3820',13,4,14220689,3,310),('382118611',8622,'3821',13,4,79723998,1,310),('382218611',8622,'3822',13,4,52158910,2,310),('382318611',8617,'3823',13,4,79161640,4,310),('382418611',8617,'3824',13,4,52646676,4,310),('382518611',8617,'3825',13,4,13844664,4,310),('382618611',8617,'3826',13,4,1016010343,4,310),('382718611',8617,'3827',13,4,88156348,4,310),('382818611',8617,'3828',13,4,80528031,2,310),('382918611',8617,'3829',13,4,1032380203,0,310),('383018611',8617,'3830',13,4,14220689,4,310),('383118611',8617,'3831',13,4,52158910,0,310),('383218611',8617,'3832',13,4,79328843,2,310),('383318611',10261,'3833',13,20,1022344655,4,310),('383418611',9370,'3834',13,30,1026571656,16,310),('383518611',8576,'3835',13,40,19493589,20,310),('383718611',9367,'3837',13,20,1075660369,7,310),('383818611',8605,'3838',13,30,1026571656,26,310),('383918611',9309,'3839',13,17,3614229,17,310),('384118611',9732,'3841',2,30,52191975,29,310),('384218611',9732,'3842',2,30,52191975,27,310),('384318611',9731,'3843',2,30,17902831,26,310),('384418611',9731,'3844',2,30,79566088,28,310),('384518611',9738,'3845',2,20,52191975,17,310),('384618611',9738,'3846',2,20,52191975,12,310),('384818611',9739,'3848',2,20,52191975,17,310),('384918611',9737,'3849',2,30,53045703,13,310),('385118611',9743,'3851',2,30,53045703,26,310),('385218611',9743,'3852',2,30,7160856,25,310),('385318611',9744,'3853',2,25,37337995,23,310),('386318611',9804,'3863',8,28,98392298,26,310),('386418611',9804,'3864',8,28,98392298,28,310),('387618611',9812,'3876',8,18,79955926,9,310),('388018612',9812,'3880',8,18,79955926,11,310),('388118611',9812,'3881',8,18,79955926,3,310),('388318611',9812,'3883',8,18,79916476,10,310),('388618611',9805,'3886',8,28,79916476,28,310),('388718611',9805,'3887',8,29,79916476,27,310),('389018611',9811,'3890',8,20,80093597,20,310),('389218611',9811,'3892',8,20,80093597,12,310),('389318611',9813,'3893',8,20,1140874105,13,310),('389418611',9813,'3894',8,20,1140874105,12,310),('389818611',9819,'3898',8,18,80093597,19,310),('390018611',9819,'3900',8,18,80093597,18,310),('390218611',9737,'3902',8,25,98392298,25,310),('390318611',9737,'3903',8,6,98392298,6,310),('394218611',9820,'3942',8,18,80169584,7,310),('394318611',9820,'3943',8,18,80169584,18,310),('394418611',9820,'3944',8,18,80169584,18,310),('394518611',10090,'3945',8,28,98392298,29,310),('394618611',10090,'3946',8,28,98392298,28,310),('394718611',9824,'3947',8,18,80169584,14,310),('394818611',9824,'3948',8,25,80135445,14,310),('394918611',9826,'3949',8,19,80175248,19,310),('395018611',9826,'3950',8,18,80175248,12,310),('395118611',10305,'3951',8,25,80090202,21,310),('395218611',10305,'3952',8,25,80090202,17,310),('395318611',9835,'3953',8,16,80803144,16,310),('395418611',9835,'3954',8,5,79576740,5,310),('395818611',7973,'3958',8,14,79961559,14,310),('396018611',7973,'3960',8,5,79961559,5,310),('396218611',9671,'3962',3,30,74381341,29,310),('396618611',7694,'3966',3,28,270764,27,310),('396718611',9830,'3967',8,25,79576740,17,310),('396818611',9830,'3968',8,25,79576740,24,310),('396918611',10377,'3969',8,23,79293635,10,310),('397218611',10377,'3972',8,23,79293635,11,310),('398018611',9829,'3980',8,20,80108374,20,310),('398118611',9829,'3981',8,20,80108374,17,310),('398318611',9837,'3983',8,23,80135445,13,310),('399118611',9841,'3991',8,25,80803144,16,310),('399218611',9841,'3992',8,25,80803144,17,310),('399318611',7694,'3993',3,28,270764,27,310);
/*!40000 ALTER TABLE `grupos` ENABLE KEYS */;
UNLOCK TABLES;

--
-- Table structure for table `horarios`
--

DROP TABLE IF EXISTS `horarios`;
/*!40101 SET @saved_cs_client     = @@character_set_client */;
/*!40101 SET character_set_client = utf8 */;
CREATE TABLE `horarios` (
  `GRU_CODIGO` varchar(100) NOT NULL,
  `FECHA` date NOT NULL,
  `HORA_INICIO` int(11) DEFAULT NULL,
  `HORA_FIN` int(11) DEFAULT NULL,
  `SAL_CODIGO` varchar(11) DEFAULT NULL,
  `PA_CODIGO` int(11) DEFAULT NULL,
  PRIMARY KEY (`GRU_CODIGO`,`FECHA`),
  KEY `fk_horario_salones` (`SAL_CODIGO`),
  CONSTRAINT `fk_horario_salones` FOREIGN KEY (`SAL_CODIGO`) REFERENCES `salones` (`CODIGO`) ON DELETE NO ACTION ON UPDATE NO ACTION,
  CONSTRAINT `horarios_ibfk_1` FOREIGN KEY (`GRU_CODIGO`) REFERENCES `grupos` (`CODIGO`)
) ENGINE=InnoDB DEFAULT CHARSET=utf8;
/*!40101 SET character_set_client = @saved_cs_client */;

--
-- Dumping data for table `horarios`
--

LOCK TABLES `horarios` WRITE;
/*!40000 ALTER TABLE `horarios` DISABLE KEYS */;
/*!40000 ALTER TABLE `horarios` ENABLE KEYS */;
UNLOCK TABLES;

--
-- Table structure for table `materias`
--

DROP TABLE IF EXISTS `materias`;
/*!40101 SET @saved_cs_client     = @@character_set_client */;
/*!40101 SET character_set_client = utf8 */;
CREATE TABLE `materias` (
  `CODIGO` int(11) NOT NULL,
  `NOMBRE` varchar(100) DEFAULT NULL,
  PRIMARY KEY (`CODIGO`)
) ENGINE=InnoDB DEFAULT CHARSET=utf8;
/*!40101 SET character_set_client = @saved_cs_client */;

--
-- Dumping data for table `materias`
--

LOCK TABLES `materias` WRITE;
/*!40000 ALTER TABLE `materias` DISABLE KEYS */;
INSERT INTO `materias` VALUES (7694,'DIBUJO DE INGENIERÍA'),(7751,'CAD'),(7752,'DINÁMICA'),(7759,'FLUIDOS'),(7764,'PARTES DE MÁQUINAS'),(7766,'AERODINÁMICA'),(7767,'MOTORES A REACCIÓN I'),(7770,'HIDRAÚLICA'),(7771,'ELECTROTECNIA'),(7772,'DISEÑO ESTRUCTURAL'),(7773,'RENDIMIENTO'),(7774,'MOTORES A REACCIÓN II'),(7777,'PRINCIPIOS DE ELECTRÓNICA'),(7778,'SISTEMA DE AERONAVES'),(7779,'ANÁLISIS ESTRUCTURAL'),(7780,'DINÁMICA DE VUELO'),(7781,'CONSTRUCCIÓN DE MOTORES I'),(7782,'CONSTRUCCIÓN DE MOTORES II'),(7783,'ELECTIVA I'),(7784,'MANTENIMIENTO DE AERONAVES'),(7785,'ANTEPROYECTO'),(7787,'INSTRUMENTOS Y EQUIPOS DE ABORDO'),(7788,'ELECTIVA II'),(7793,'CERTIFICACIÓN DE AERONAVES'),(7818,'AMPLIFICADORES OPERACIONALES'),(7864,'RESISTENCIA DE MATERIALES'),(7878,'DINÁMICA DE SISTEMAS'),(7881,'DISEÑO MECATRÓNICO'),(7883,'ELECTIVA TÉCNICA'),(7886,'PRÁCTICA PROFESIONAL'),(7888,'ELECTIVA TÉCNICA'),(7937,'PRÁCTICA PROFESIONAL'),(7940,'PROYECTO DE GRADO'),(7973,'ELECTROACÚSTICA'),(7995,'REDES Y COMUNICACIÓN'),(7996,'ELECTIVA'),(7997,'SEMINARIO DE PROFUNDIZACIÓN'),(8029,'TELETRÁFICO'),(8037,'SISTEMAS DE VIDEO'),(8046,'APLICACIONES DE TELECOMUNICACIÓNES'),(8142,'FUNDAMENTOS DERECHO PÚBLICO'),(8143,'INTRODUCCIÓN RELACIONES INTERNACIONALES'),(8144,'FUNDAMENTOS CIENCIA POLÍTICA'),(8145,'INTRODUCCIÓN A LA ECONOMÍA'),(8148,'METODOLOGÍA DE LA INVESTIGACIÓN'),(8149,'CONSTITUCIONAL COLOMBIANO I'),(8150,'INTRODUCCIÓN AL DERECHO'),(8151,'ORGANISMOS INTERNACIONALES'),(8152,'POLÍTICA Y COMUNICACIÓN'),(8153,'TEORÍA ECONÓMICA'),(8155,'ÉTICA'),(8156,'CONSTITUCIONAL COLOMBIANO II'),(8157,'DERECHO INTERNACIONAL PÚBLICO'),(8158,'DERECHOS HUMANOS Y DERECHO INTERNACIONAL HUMANITARIO'),(8159,'HISTORIA DE LAS IDEAS POLÍTICAS'),(8160,'HACIENDA PÚBLICA'),(8162,'SOCIOLOGÍA'),(8163,'DERECHO LABORAL GENERAL'),(8164,'DERECHO INTERNACIONAL PRIVADO'),(8165,'DERECHO ECONÓMICO INTERNACIONAL'),(8166,'POLÍTICA INTERNACIONAL CONTEMPORÁNEA'),(8167,'HISTORIA DEL SIGLO XX'),(8169,'FILOSOFÍA JURÍDICA'),(8170,'NEGOCIACIÓN INTERNACIONAL'),(8171,'TEORÍA RELACIONES INTERNACIONALES'),(8172,'SISTEMAS POLÍTICOS CONTEMPORANEOS'),(8173,'COMERCIO INTERNACIONAL'),(8174,'ESTADÍSTICA'),(8176,'SEGURIDAD INTERNACIONAL'),(8178,'ORGANIZACIÓN Y POLÍTICA EMPRESARIAL'),(8179,'ORGANIZACIÓNES ECONÓMICAS INTERNACIONALES'),(8180,'MATEMÁTICA FINANCIERA'),(8182,'RESOLUCIÓN DE CONFLICTOS'),(8185,'PROTOCOLO DIPLOMÁTICO Y EMPRESARIAL'),(8186,'BLOQUES ECONÓMICOS'),(8187,'MEDIO AMBIENTE INTERNACIONAL'),(8188,'NUEVO ORDEN MUNDIAL'),(8191,'ELECTIVA VI'),(8192,'POLÍTICA LATÍNOAMERICANA'),(8193,'FINANZAS INTERNACIONALES'),(8194,'DERECHO DIPLOMÁTICO Y CONSULAR'),(8198,'POLÍTICA EXTERIOR COLOMBIANA'),(8199,'GLOBALIZACIÓN'),(8447,'TEORÍA DEL CONFLICTO'),(8449,'GESTIÓN DE PROGRAMAS Y PROYECTOS'),(8450,'DESCENTRALIZACIÓN Y DESARROLLO'),(8451,'CULTURA POLÍTICA'),(8452,'PARTICIPACIÓN Y MOVILIZACIÓN'),(8453,'CONFLICTO Y PAZ EN COLOMBIA'),(8455,'REFORMA DEL ESTADO'),(8456,'POLÍTICA EXTERIOR DE U.S.A.'),(8457,'UNIÓN EUROPEA'),(8458,'ANÁLISIS DE POLÍTICAS PÚBLICAS I'),(8459,'CIENCIAS DE LA ADMINISTRACIÓN'),(8460,'GLOBALIZACIÓN Y ESTADO'),(8463,'ELECTIVA III'),(8464,'ANÁLISIS DE POLÍTICAS PÚBLICAS II'),(8465,'PROCESOS DE INTEGRACIÓN'),(8466,'SISTEMAS ECONÓMICO POLÍTICOS'),(8470,'TEOLOGÍA Y POLÍTICA'),(8535,'ADMINISTRATIVO GENERAL I'),(8536,'TEORÍA GENERAL PROCESO'),(8537,'DERECHO ROMANO'),(8538,'LABORAL INDIVIDUAL'),(8539,'PERSONAS'),(8540,'PENAL GENERAL I'),(8541,'ADMINISTRATIVO GENERAL II'),(8542,'PROCESAL CIVIL GENERAL I'),(8544,'LABORAL COLECTIVO'),(8545,'BIENES'),(8546,'PENAL GENERAL II'),(8547,'ADMINISTRATIVO COLOMBIANO'),(8548,'PROCESAL CIVIL GENERAL II'),(8549,'COMERCIAL I'),(8550,'SEGURIDAD SOCIAL'),(8551,'OBLIGACIONES I'),(8552,'PENAL ESPECIAL'),(8555,'COMERCIAL II'),(8556,'DERECHO DE FAMILIA'),(8557,'OBLIGACIONES II'),(8561,'SUCESIONES'),(8562,'CONTRATOS I'),(8563,'PRUEBAS I'),(8567,'TÍTULOS VALORES'),(8568,'CONTRATOS II'),(8569,'PRUEBAS II'),(8570,'MEDIO AMBIENTE INTERNACIONAL'),(8574,'PSICOLOGÍA GENERAL'),(8575,'BASES NEUROBIOLÓGICAS DEL COMPORTAMIENTO'),(8576,'TEORÍA DEL CONOCIMIENTO'),(8577,'PENSAMIENTO INVESTIGATIVO'),(8580,'FUNDAMENTACIÓN SOCIO-CULTURAL DEL COMPORTAMIENTO'),(8581,'NEUROCIENCIAS'),(8582,'HISTORIA DE LA PSICOLOGÍA'),(8583,'ATENCIÓN, SENSACIÓN Y PERCEPCIÓN'),(8584,'FUNDAMENTOS DE INVESTIGACIÓN EN PSICOLOGÍA'),(8586,'CICLO DE VIDA'),(8587,'MOTIVACIÓN Y EMOCIÓN'),(8588,'APRENDIZAJE'),(8589,'MÉTODOS DE INVESTIGACIÓN'),(8590,'ESTADÍSTICA BÁSICA'),(8591,'PSICOLOGÍA SOCIAL'),(8592,'LENGUAJE, PENSAMIENTO Y MEMORIA'),(8593,'DISEÑO DE INVESTIGACIÓN'),(8594,'MEDICIÓN Y EVALUACIÓN'),(8595,'ESTADÍSTICA INFERENCIAL'),(8596,'INTRODUCCIÓN A LA PSICOLOGÍA COGNITIVO CONDUCTUAL'),(8597,'INTRODUCCIÓN A LA PSICOLOGÍA DINÁMICA'),(8598,'COMPORTAMIENTO ANORMAL'),(8599,'MÉTODOS CUALITATIVOS'),(8602,'EVALUACIÓN E INTERVENCIÓN EN PSICOLOGÍA COGNITIVO CONDUCTUAL'),(8603,'PSICOLOGÍA APLICADA A LAS ORGANIZACIÓNES'),(8604,'NEUROPSICOLOGÍA'),(8605,'TÉCNICAS DE INVESTIGACIÓN CUALITATIVA'),(8609,'EVALUACIÓN E INTERVENCIÓN EN PSICOLOGÍA DINÁMICA'),(8610,'PSICOLOGÍA APLICADA A LA EDUCACIÓN'),(8611,'PROYECTOS APLICADOS Y/O DESARROLLO'),(8617,'SEMINARIO DE INVESTIGACIÓN'),(8622,'SEMINARIO DE INVESTIGACIÓN'),(8626,'SEMINARIO DE INVESTIGACIÓN'),(8676,'CONSULTORIO JURÍDICO I'),(8677,'CONSULTORIO JURÍDICO II'),(8678,'CONSULTORIO JURÍDICO III'),(8679,'CONSULTORIO JURÍDICO IV'),(8680,'FILOSOFÍA ANTIGUA'),(8683,'METAFÍSICA'),(8693,'FILOSOFÍA MODERNA I'),(8694,'EPISTEMOLOGÍA'),(8695,'MODELOS PEDAGÓGICOS Y DIDÁCTICOS'),(8696,'LÓGICA CONTEMPORÁNEA'),(8697,'SEMINARIO FILOSÓFICO III'),(8698,'INTERPRETACIÓN Y PRODUCCIÓN DE TEXTOS FILOSÓFICOS'),(8699,'CULTURA ACTUAL Y PENSAMIENTO FRANCISCANO II'),(8701,'ANTROPOLOGÍA FILOSÓFICA'),(8707,'FILOSOFÍA CONTEMPORÁNEA I'),(8708,'ÉTICA'),(8709,'DIDÁCTICA DE LA FILOSOFÍA'),(8710,'SEMINARIO FILOSÓFICO V'),(8711,'MÉTODOS FILOSÓFICOS II'),(8712,'PRÁCTICA DOCENTE DE OBSERVACIÓN'),(8713,'CULTURA ACTUAL Y PENSAMIENTO FRANCISCANO III'),(8721,'FILOSOFÍA LATINOAMERICANA'),(8722,'FILOSOFÍA DE LA CULTURA'),(8723,'GESTIÓN EDUCATIVA'),(8724,'SEMINARIO FILOSÓFICO VII'),(8725,'SEMINARIO DE TRABAJO DE GRADO'),(8726,'CULTURA ACTUAL Y PENSAMIENTO FRANCISCANO IV'),(8884,'HEBREO BÍBLICO'),(8885,'REVELACIÓN Y FÉ. INTRODUCCIÓN A LA TEOLOGÍA'),(8886,'CRISTOLOGÍA'),(8887,'EPISTEMOLOGÍA DE LA EDUCACIÓN'),(8888,'SEMINARIO DE MÉTODOS TEOLÓGICOS'),(8896,'SEMINARIO DE MÉTODOS EXEGÉTICOS'),(8897,'GRIEGO BÍBLICO INTERMEDIO'),(8898,'INTRODUCCIÓN A LOS SACRAMENTOS'),(8899,'PATRÍSTICA'),(8900,'MORAL DE LA PERSONA'),(8901,'TEOLOGÍA PASTORAL ESPECIAL'),(8902,'SEMINARIO DE MÉTODOS PASTORALES'),(8903,'TEORÍAS DEL APRENDIZAJE Y MODELOS PEDAGÓGICOS'),(8908,'PROFUNDIZACIÓN I'),(8909,'CURRÍCULO Y EVALUACIÓN'),(8911,'PROFETAS Y SAPIENCIALES'),(8912,'DERECHO CANÓNICO NORMAS GENERALES'),(8913,'MORAL SOCIAL'),(8914,'PROFUNDIZACIÓN II'),(8915,'DIDÁCTICAS DE LA ACCIÓN PASTORAL'),(8921,'GESTIÓN Y LEGISLACIÓN EDUCATIVA'),(8923,'OBRA PAULINA'),(8924,'ESCATOLOGÍA'),(8925,'LITURGIA'),(8926,'DERECHO CANÓNICO SANCIONES, ADMINISTRACIÓN DE BIENES Y PROCESOS'),(8927,'HISTORIA DE LA IGLESIA MEDIEVAL Y MODERNA'),(8928,'PROFUNDIZACIÓN IV'),(8929,'PRÁCTICA PROFESIONAL'),(8931,'SEMINARIO DE SÍNTESIS'),(8934,'PRÁCTICA PROFESIONAL'),(8935,'TRABAJO DE GRADO'),(8993,'FUNDAMENTOS DE EPISTEMOLOGÍA'),(8994,'PEDAGOGÍA GENERAL'),(8997,'DIDÁCTICA GENERAL'),(8999,'ÉTICA DEL EDUCADOR'),(9000,'FAMILIA Y EDUCACIÓN'),(9001,'INTERVENCIÓN PEDAGÓGICA EN LAS DIFICULTADES DE APRENDIZAJE'),(9002,'TÉCNICAS DE COMUNICACIÓN ORAL Y ESCRITA'),(9006,'EXPRESIÓN PLÁSTICA'),(9007,'GESTIÓN EDUCATIVA'),(9009,'POLÍTICAS Y LEGISLACIÓN EDUCATIVA'),(9011,'PENSAMIENTO LÓGICO MATEMÁTICO Y DIDÁCTICA I'),(9013,'DIDÁCTICA DE LAS CIENCIAS NATURALES Y EDUCACIÓN AMBIENTAL'),(9015,'DIDÁCTICA DE LA SEGUNDA LENGUA'),(9016,'PROCESOS DE CONSTRUCCIÓN Y DIDÁCTICA DE LA LENGUA ESCRITA I'),(9018,'LAS TICS APLICADAS A LA EDUCACIÓN'),(9022,'FILOSOFÍA PARA NIÑOS'),(9023,'PSICOLOGÍA GENERAL'),(9026,'NEUROPSICOLOGÍA'),(9027,'SALUD Y NUTRICIÓN'),(9028,'PSICOLOGÍA SOCIAL'),(9029,'SOCIOLOGÍA DE LA EDUCACIÓN'),(9040,'TPII OBSERVACIÓN Y APOYO'),(9041,'TPII ESTIMULACIÓN OPORTUNA Y ADECUADA'),(9042,'TPII INTERVENCIÓN PEDAGÓGICA'),(9043,'TPII INTERVENCIÓN DIDÁCTICAS I'),(9046,'TPII COMUNITARIA'),(9049,'SEMINARIO DE PROFUNDIZACIÓN I'),(9050,'SEMINARIO DE PROFUNDIZACIÓN II'),(9167,'FUNDAMENTOS DE APRENDIZAJE AUTÓNOMO'),(9168,'FUNDAMENTOS DE PEDAGOGÍA'),(9169,'BASIC ENGLISH I'),(9170,'FORMACIÓN SOCIOHUMANÍSTICA BÁSICA'),(9171,'BASIC ENGLISH II'),(9172,'INVESTIGACIÓN FORMATIVA'),(9173,'ELECTIVAS'),(9174,'INTERMEDIATE ENGLISH I'),(9175,'PEDAGOGÍA Y PROFESIÓN DOCENTE'),(9176,'INTERMEDIATE ENGLISH II'),(9177,'ESTUDIOS DEL LENGUAJE'),(9178,'RESEARCH'),(9179,'DIDÁCTICA'),(9180,'ADVANCED ENGLISH I'),(9181,'THEORETICAL LINGUISTICS I'),(9182,'ADVANCED ENGLISH II'),(9183,'APPLIED LINGUISTICS I'),(9184,'PRACTICUM'),(9185,'SEMINARIOS DE PROFUNDIZACIÓN'),(9186,'COMMUNICATION'),(9187,'THEORETICAL LINGUISTICS II'),(9188,'TEACHER PRACTICUM I'),(9189,'LITERATURE'),(9190,'APPLIED LINGUISTICS II'),(9191,'TEACHER PRACTICUM II'),(9304,'PSICOLOGÍA COMUNITARIA'),(9305,'PRUEBAS PSICOLÓGICAS'),(9306,'EVALUACIÓN E INTERVENCIÓN CON NIÑOS Y ADOLESCENTES'),(9308,'CONTEXTOS DE VIOLENCIA'),(9309,'SEXUALIDAD HUMANA'),(9324,'ORGANIZACIONAL'),(9325,'EDUCATIVA'),(9326,'INVESTIGATIVA'),(9327,'CLÍNICA'),(9339,'GESTIÓN POR COMPETENCIAS'),(9341,'PRINCIPIOS DE ENFOQUE SISTÉMICO EN PSICOLOGÍA'),(9358,'CÁTEDRA ASIA-PACÍFICO'),(9359,'GEOPOLÍTICA'),(9360,'COOPERACIÓN INTERNACIONAL'),(9361,'CONFLICTOS Y ACCIÓN HUMANITARIA'),(9367,'TERAPIAS DE TERCERA GENERACIÓN'),(9370,'TENDENCIAS Y AVANCES DE LA INVESTIGACIÓN'),(9671,'INTRODUCCIÓN A LA INGENIERÍA'),(9678,'ESTÁTICA'),(9679,'GEOMETRÍA DESCRIPTIVA'),(9680,'LEGISLACIÓN AERONÁUTICA'),(9681,'FUNDAMENTOS DE INVESTIGACIÓN'),(9687,'QUÍMICA DE COMBUSTIBLES'),(9688,'TERMODINÁMICA'),(9692,'MECANISMOS'),(9694,'TECNOLOGÍA DE LOS MATERIALES'),(9695,'MOTORES A PISTÓN'),(9699,'RESISTENCIA DE MATERIALES'),(9725,'ELECTIVA III'),(9727,'PROYECTO'),(9731,'INTRODUCCIÓN A LA INGENIERÍA'),(9732,'DIBUJO DE INGENIERÍA'),(9737,'PENSAMIENTO SISTÉMICO INGENIERIL'),(9738,'DIBUJO DE MÁQUINAS'),(9739,'MATERIALES'),(9743,'METODOLOGÍA DE INVESTIGACIÓN'),(9744,'ESTÁTICA'),(9749,'PROYECTO INTEGRADOR I'),(9750,'DINÁMICA'),(9755,'MECÁNICA DE FLUIDOS'),(9757,'MECANISMOS'),(9759,'PROYECTO INTEGRADOR II'),(9761,'TERMODINÁMICA'),(9763,'ELECTRÓNICA DE POTENCIA'),(9765,'FUNDAMENTOS DE MANTENIMIENTO INDUSTRIAL'),(9767,'MÁQUINAS ELÉCTRICAS'),(9768,'CONTROL CLÁSICO'),(9771,'FUNDAMENTOS DE DISEÑO MECATRÓNICO'),(9772,'OPTATIVA I'),(9773,'PROCESOS DE MANUFACTURA'),(9774,'CONTROL MODERNO'),(9775,'SEMINARIO DE INVESTIGACIÓN (ANTEPROYECTO DE GRADO)'),(9777,'IMPACTO AMBIENTAL'),(9779,'PRÁCTICA PROFESIONAL'),(9780,'OPTATIVA II'),(9783,'OPTATIVA III'),(9784,'ROBÓTICA INDUSTRIAL'),(9785,'PROYECTO DE GRADO (CULMINACIÓN PROYECTO DE GRADO)'),(9799,'MIGRACIONES'),(9800,'TEORÍAS POLÍTICAS CONTEMPORÁNEAS'),(9804,'INTRODUCCIÓN A LA  INGENIERÍA'),(9805,'DIBUJO DE INGENIERÍA'),(9811,'LENGUAJES DE PROGRAMACIÓN'),(9812,'GRAMÁTICA MUSICAL'),(9813,'ENTRENAMIENTO AUDITIVO'),(9819,'PROGRAMACIÓN DE AUDIO APLICADA'),(9820,'PROTOCOLO MIDI'),(9824,'PROYECTO INTEGRADOR 1'),(9826,'FUNDAMENTOS DE AUDIO'),(9829,'CAPTURA Y REGISTRO DE AUDIO'),(9830,'FUNDAMENTOS DE ACÚSTICA'),(9833,'PROYECTO INTEGRADOR 2'),(9835,'ACÚSTICA AMBIENTAL'),(9837,'ACÚSTICA ARQUITECTÓNICA'),(9839,'SÍNTESIS DEL SONIDO'),(9840,'MEZCLA MUSICAL Y/O AUDIOVISUAL'),(9841,'CONTROL DE RUIDO'),(9842,'ELECTRÓNICA APLICADA A AUDIO'),(9843,'TRANSDUCTORES ELECTROACÚSTICOS'),(9845,'OPTATIVA 1'),(9846,'DISPOSITIVOS ELETRÓNICOS DIGITALES DE CONTROL'),(9847,'REFUERZO SONORO'),(9848,'SEMINARIO DE INVESTIGACIÓN (ANTEPROYECTO DE GRADO)'),(9851,'MASTERING APLICADO'),(9853,'OPTATIVA 2'),(9854,'PROCESAMIENTO DIGITAL DE SEÑALES'),(9855,'SONORIZACIÓN DE ESPACIOS'),(9859,'PROYECTO DE GRADO(CULMINACIÓN DE PROYECTO DE GRADO)'),(9864,'FUNDAMENTOS DE CONTABILIDAD'),(9870,'CONTABILIDAD FINANCIERA INTERNACIONAL I'),(9871,'INFORMÁTICA Y TECNOLÓGÍA'),(9877,'CONTABILIDAD FINANCIERA INTERNACIONAL II'),(9880,'DERECHO COMERCIAL'),(9883,'ESTADOS FINANCIEROS'),(9884,'PENSAMIENTO CONTABLE'),(9887,'DERECHO LABORAL'),(9889,'CONTABILIDADES ESPECIALES I'),(9890,'LABORATORIO CONTABLE EN INFORMATICA'),(9891,'PRESUPUESTO'),(9892,'COSTOS I'),(9894,'CONTABILIDADES ESPECIALES II'),(9895,'SISTEMA DE CONTROL INTERNO'),(9896,'TEORÍA DE CONTROL'),(9897,'COSTOS II'),(9898,'RENTA'),(9902,'CONTROL Y GESTIÓN DE LAS ORGANIZACIONES'),(9903,'AUDITORÍA INTEGRAL'),(9905,'ÉTICA Y REGULACIÓN PROFESIONAL'),(9906,'IVA, ICA Y OTROS'),(9907,'INVESTIGACIÓN CONTABLE I'),(9908,'REVISORÍA FISCAL I'),(9911,'INVESTIGACIÓN CONTABLE II'),(9933,'INTRODUCCIÓN AL PENSAMIENTO ECONÓMICO'),(9934,'HISTORIA ECONÓMICA'),(9935,'FUNDAMENTOS DE MATEMÁTICAS'),(9936,'CONSTITUCIÓN Y DEMOCRACIA'),(9940,'ALGEBRA'),(9944,'MICROECONOMÍA BÁSICA'),(9945,'CÁLCULO'),(9946,'ESTADÍSTICA DESCRIPTIVA Y PROBABILIDAD'),(9948,'PENSAMIENTO INVESTIGATIVO Y TEORÍAS DEL CONOCIMIENTO'),(9951,'MACROECONOMÍA BÁSICA'),(9952,'ESTADÍSTICA INFERENCIAL'),(9954,'INVESTIGACIÓN CUANTITATIVA, CUALITATIVA Y MIXTA'),(9956,'PENSAMIENTO Y DOCTRINAS ECONÓMICAS'),(9957,'MACROECONOMÍA INTERMEDIA'),(9960,'PLANEACIÓN Y DESARROLLO'),(9961,'ANÁLISIS DE DATOS CUANTITATIVOS Y CUALITATIVOS'),(9964,'ECONOMETRÍA INTERMEDIA Y SERIES DE TIEMPO'),(9965,'EVALUACIÓN SOCIOECONÓMICA Y AMBIENTAL DE PROYECTOS'),(9969,'CRECIMIENTO Y DESARROLLO ECONÓMICO'),(9972,'INVESTIGACIÓN APLICADA A LA ECONOMÍA'),(9976,'SEMINARIO ECONÓMICO'),(9977,'SEMINARIO DE INTERNACIONALIZACIÓN'),(9978,'ANTEPROYECTO DE GRADO'),(9982,'TRABAJO DE GRADO'),(10009,'INTRODUCCIÓN A LA INGENIERÍA'),(10010,'ALGORITMOS Y PROGRAMACIÓN'),(10011,'ANÁLISIS Y DISEÑO DE SISTEMAS'),(10016,'PROGRAMACIÓN ORIENTADA A OBJETOS'),(10022,'ESTRUCTURA DE DATOS'),(10023,'FUNDAMENTOS DE BASES DE DATOS'),(10028,'ARQUITECTURA Y PATRONES DE SOFTWARE'),(10029,'DESARROLLO DE BASES DE DATOS'),(10031,'PROYECTO INTEGRADOR I'),(10032,'INVESTIGACIÓN DE OPERACIONES'),(10033,'ANÁLISIS Y DISEÑO DE ALGORITMOS'),(10034,'INGENIERÍA DE SOFTWARE'),(10035,'ADMINISTRACIÓN DE BASES DE DATOS'),(10036,'PROYECTO INTEGRADOR II'),(10037,'ARQUITECTURA DE COMPUTADORES'),(10038,'DESARROLLO WEB'),(10039,'REDES DE COMPUTADORES'),(10040,'INTRODUCCIÓN A LA SEGURIDAD INFORMÁTICA'),(10042,'SISTEMAS OPERATIVOS'),(10043,'DESARROLLO PARA MÓVILES'),(10045,'SISTEMAS DE GESTIÓN DE LA SEGURIDAD'),(10047,'GESTIÓN DE PROYECTOS'),(10048,'SISTEMAS DISTRIBUIDOS'),(10049,'MODELOS DE SIMULACIÓN'),(10051,'TÉCNICAS DE ATAQUE'),(10054,'SEMINARIO DE INVESTIGACIÓN'),(10055,'PRÁCTICA EMPRESARIAL'),(10072,'DESARROLLO HUMANO EN LA ORGANIZACIÓN'),(10073,'PSICOLOGÍA SOCIAL DE LA SALUD'),(10078,'INTRODUCCIÓN A  INGENIERÍA'),(10080,'INTRODUCCIÓN A LA CIENCIA DE LOS MATERIALES'),(10086,'TALLER Y HERRAMIENTAS CAD EN ELECTRÓNICA'),(10090,'METODOLOGÍA DE LA INVESTIGACIÓN'),(10091,'CIRCUITOS DC'),(10092,'DISPOSITIVOS SEMICONDUCTORES'),(10096,'PROYECTO INTEGRADOR I'),(10097,'CIRCUITOS AC'),(10098,'ELECTRÓNICA DIGITAL I'),(10101,'ELECTRÓNICA DIGITAL II'),(10102,'CAMPOS ELECTROMAGNÉTICOS'),(10105,'PROYECTO INTEGRADOR II'),(10106,'SISTEMAS EMBEBIDOS'),(10107,'ELECTRÓNICA - AMPLIFICACIÓN'),(10108,'SISTEMAS DINÁMICOS Y MODELAMIENTO'),(10109,'COMUNICACIONES ANÁLOGAS Y DIGITALES'),(10110,'LÍNEAS Y ANTENAS'),(10111,'PROCESAMIENTO DIGITAL DE SEÑALES'),(10112,'INSTRUMENTACIÓN ELECTRÓNICA'),(10113,'CONTROL'),(10114,'SISTEMAS DE RADIACIÓN ELECTROMAGNÉTICA'),(10119,'SISTEMAS DE COMUNICACIONES INALÁMBRICAS'),(10123,'OPTATIVA II'),(10124,'ELECTRÓNICA DE POTENCIA'),(10125,'ROBÓTICA'),(10126,'REDES Y SERVICIOS'),(10131,'REGULACIÓN EN TELECOMUNICACIONES'),(10162,'LAS TICS APLICADAS A LA EDUCACIÓN'),(10166,'FILOSOFÍA PARA NIÑOS'),(10181,'ELECTIVA'),(10182,'ELECTIVA'),(10189,'TPII COMUNITARIA'),(10192,'SEMINARIO DE PROFUNDIZACIÓN I'),(10193,'SEMINARIO DE PROFUNDIZACIÓN II'),(10194,'PROCESAL PENAL'),(10195,'PENAL ESPECIAL II'),(10196,'MECANISMOS ALTERNATIVOS DE SOLUCIÓN DE CONFLICTOS (MASC)'),(10197,'PROCESAL ADMINISTRATIVO'),(10198,'RESPONSABILIDAD CIVIL Y DE ESTADO'),(10201,'FUNDAMENTOS DE ADMINISTRACIÓN Y GERENCIA'),(10208,'PROCESOS ADMINISTRATIVOS'),(10211,'MATEMÁTICA FINANCIERA'),(10212,'TALLER DE HABILIDADES COMUNICATIVAS'),(10214,'ORGANIZACIONES'),(10217,'PLANEACIÓN FINANCIERA A CORTO PLAZO'),(10220,'FUNDAMENTOS DE MERCADEO'),(10224,'CREACIÓN DE EMPRESAS'),(10225,'FORMULACIÓN DE PROYECTOS'),(10229,'PLANEACIÓN FINANCIERA A LARGO PLAZO'),(10230,'COMERCIO INTERNACIONAL'),(10231,'GERENCIA DEL TALENTO HUMANO'),(10232,'HABILIDADES GERENCIALES'),(10233,'TOMA DE DECISIONES'),(10234,'PLANEACIÓN ESTRATÉGICA'),(10235,'GERENCIA DE PRODUCCIÓN Y OPERACIONES'),(10237,'EVALUACIÓN DE PROYECTOS'),(10238,'SISTEMAS INTEGRADOS DE GESTIÓN'),(10239,'ELECTIVA PROFESIONAL'),(10240,'GERENCIA DE MARKETING'),(10241,'LOGÍSTICA'),(10242,'GERENCIA ESTRATÉGICA'),(10243,'GERENCIA FINANCIERA INTERNACIONAL'),(10244,'GERENCIA PÚBLICA'),(10246,'GERENCIA DE LAS TIC'),(10247,'GERENCIA AMBIENTAL'),(10248,'ÉTICA Y RESPONSABILIDAD SOCIAL'),(10249,'MARKETING INTERNACIONAL'),(10250,'JUEGO GERENCIAL'),(10251,'ADMINISTRACIÓN TRIBUTARIA Y HACIENDA PÚBLICA'),(10253,'ELECTIVA PROFESIONAL'),(10254,'ELECTIVA PROFESIONAL'),(10255,'ELECTIVA PROFESIONAL'),(10256,'PRÁCTICA PROFESIONAL'),(10258,'NEGOCIOS INTERNACIONALES'),(10260,'INVESTIGACIÓN PSICOSOCIAL CON VÍCTIMAS DEL CONFLICTO ARMADO'),(10261,'TENDENCIAS CONTEMPORANEAS EN LA ORIENTACIÓN ESCOLAR'),(10264,'CIRCUITOS ELÉCTRICOS'),(10273,'ANÁLISIS DE CIRCUITOS I (III)'),(10274,'ELECTRÓNICA DIGITAL PROGRAMABLE'),(10277,'ANÁLISIS DE CIRCUITOS II'),(10282,'ADQUISICIÓN Y PROCESAMIENTO DE SEÑALES'),(10283,'ELECTRÓNICA PARA TELECOMUNICACIONES'),(10284,'COMUNICACIONES INALÁMBRICAS'),(10288,'GESTIÓN DE MANTENIMIENTO'),(10289,'INFRAESTRUCTURA PARA TELECOMUNICACIONES (IV)'),(10291,'SEGUIMIENTO A PROYECTOS'),(10305,'OSCILACIONES Y ONDAS'),(10318,'\"EL JUEGO EN LA INFANCIA COMO SABER PEDAGÓGICO					\"'),(10319,'PRIMERA INFANCIA, EDUCACIÓN Y PAZ'),(10321,'INFANCIA O INFANCIAS'),(10322,'DINÁMICAS LOCALES E INTERNACIONALES DEL DESARROLLO'),(10327,'MODELAMIENTO DE BASES DE DATOS'),(10328,'INTRODUCCIÓN A LA PROGRAMACIÓN'),(10329,'FUNDAMENTOS DE PROYECTOS'),(10331,'LENGUAJE ESTRUCTURADO DE CONSULTA (SQL)'),(10332,'LENGUAJES DE PROGRAMACIÓN'),(10335,'PROGRAMACIÓN ORIENTADA A OBJETOS'),(10336,'INGENIERÍA DE SOFTWARE'),(10337,'PROCEDIMIENTOS ALMACENADOS'),(10338,'IMPLEMENTACIÓN DE PROYECTOS'),(10339,'ESTRUCTURA DE DATOS'),(10340,'GESTIÓN Y ADMINISTRACIÓN DE BASES DE DATOS'),(10341,'TÉCNICAS DE ANIMACIÓN'),(10343,'OPTATIVA I: DESARROLLO WEB O MÓVILES(ANDROID)'),(10344,'MINERÍA DE DATOS'),(10345,'CONSTRUCCIÓN DE PROYECTOS DE SOFTWARE'),(10347,'PROGRAMACIÓN AVANZADA Y APLICADA'),(10348,'OPTATIVA II: WEBMASTER O MÓVILES(IOS)'),(10349,'SEMINARIO EN TIC'),(10352,'INTRODUCCIÓN A LA INGENIERÍA EN MULTIMEDIA'),(10354,'DIBUJO DE INGENIERÍA'),(10358,'PENSAMIENTO SISTÉMICO INGENIERIL'),(10360,'DISEÑO MULTIMEDIA'),(10366,'PROGRAMACIÓN PARA OBJETOS MULTIMEDIA'),(10370,'PROYECTO INTEGRADOR I'),(10372,'MODELADO Y ANIMACIÓN EN 2D'),(10375,'MODELADO Y ANIMACIÓN EN 3D'),(10376,'REDES MULTIMEDIA'),(10377,'AUDIO DIGITAL'),(10378,'DISEÑO WEB'),(10379,'PROYECTO INTEGRADOR II'),(10380,'COMPUTACIÓN GRÁFICA'),(10381,'REALIDAD VIRTUAL'),(10382,'VIDEO Y FOTOGRAFÍA'),(10383,'MULTIMEDIA PARA MÓVILES'),(10386,'VIDEOJUEGOS'),(10387,'REALIDAD MIXTA'),(10388,'PRODUCCIÓN MULTIMEDIA'),(10389,'BASES DE DATOS MULTIMEDIA'),(10440,'INGLÉS AVANZADO I'),(10441,'INGLÉS AVANZADO II'),(10443,'INTERNACIONALIZACIÓN DE GOBIERNOS LOCALES'),(10465,'CÁTEDRA MUNDO ARABE Y MEDIO ORIENTE'),(10467,'¡BASTA YA! COLOMBIA:MEMORIAS DE GUERRA Y DIGNIDAD'),(10530,'MAESTROS HACEN MAESTROS'),(10583,'PRUEBAS PENALES'),(10634,'PARTIDOS POLÍTICOS Y SISTEMA ELECTORAL EN COLOMBIA'),(10654,'PSICOLOGÍA DEL APRENDIZAJE'),(10655,'SENSÓRICA E INSTRUMENTACIÓN INDUSTRIAL'),(10656,'FUNDAMENTOS DE SISTEMAS DE GESTIÓN'),(10664,'B.004.ELECT.CONTABILIDAD PUBLICA'),(10665,'B.004.ELECT.AUDITORIA INTERNAL'),(10667,'ELECT.CONTAB BANCARIA'),(10670,'B.004.ELECT.CONTB_SECT_SOLIDA'),(10671,'B.004.ELECT.CONTRALORÍA'),(10673,'B.004.ELECT.CONTABILIDAD SOCIAL Y AMBIENTAL'),(10730,'AUDIO DIGITAL'),(10731,'PRÁCTICA PROFESIONAL'),(10732,'Optativa I'),(10740,'HISTORIA DE LA FILOSOFÍA ANTIGUA'),(10743,'CRIPTOGRAFÍA'),(10744,'ANÁLISIS FORENSE'),(10745,'SEGURIDAD EN REDES Y SISTEMAS OPERATIVOS'),(10746,'BASES DE DATOS DISTRIBUIDAS'),(10789,'B.209.ELECT.DERECHO ADUANERO'),(10794,'PRODUCCIÓN Y ESCRITURA ACADÉMICA');
/*!40000 ALTER TABLE `materias` ENABLE KEYS */;
UNLOCK TABLES;

--
-- Table structure for table `periodos`
--

DROP TABLE IF EXISTS `periodos`;
/*!40101 SET @saved_cs_client     = @@character_set_client */;
/*!40101 SET character_set_client = utf8 */;
CREATE TABLE `periodos` (
  `CODIGO` int(11) NOT NULL,
  `NOMBRE` varchar(100) DEFAULT NULL,
  `FECHA_INI` date DEFAULT NULL,
  `FECHA_FIN` date DEFAULT NULL,
  PRIMARY KEY (`CODIGO`)
) ENGINE=InnoDB DEFAULT CHARSET=utf8;
/*!40101 SET character_set_client = @saved_cs_client */;

--
-- Dumping data for table `periodos`
--

LOCK TABLES `periodos` WRITE;
/*!40000 ALTER TABLE `periodos` DISABLE KEYS */;
INSERT INTO `periodos` VALUES (310,'PRIMER PERIODO','2018-01-01','2018-06-02');
/*!40000 ALTER TABLE `periodos` ENABLE KEYS */;
UNLOCK TABLES;

--
-- Table structure for table `programas`
--

DROP TABLE IF EXISTS `programas`;
/*!40101 SET @saved_cs_client     = @@character_set_client */;
/*!40101 SET character_set_client = utf8 */;
CREATE TABLE `programas` (
  `CODIGO` int(11) NOT NULL,
  `NOMBRE` varchar(100) DEFAULT NULL,
  PRIMARY KEY (`CODIGO`)
) ENGINE=InnoDB DEFAULT CHARSET=utf8;
/*!40101 SET character_set_client = @saved_cs_client */;

--
-- Dumping data for table `programas`
--

LOCK TABLES `programas` WRITE;
/*!40000 ALTER TABLE `programas` DISABLE KEYS */;
INSERT INTO `programas` VALUES (1,'INGENIERÍA DE SISTEMAS'),(2,'INGENIERÍA MECATRÓNICA'),(3,'INGENIERÍA AERONÁUTICA'),(4,'CONTADURÍA PÚBLICA'),(5,'ECONOMÍA'),(8,'INGENIERÍA DE SONIDO'),(9,'LICENCIATURA EN TEOLOGÍA'),(10,'LICENCIATURA EN FILOSOFÍA'),(11,'INGENIERÍA ELECTRÓNICA'),(13,'PSICOLOGÍA'),(72,'INGENIERÍA DE TELECOMUNICACIONES'),(122,'ADMINISTRACIÓN DE EMPRESAS'),(145,'RELACIONES INTERNACIONALES'),(197,'CIENCIA POLÍTICA'),(209,'DERECHO'),(230,'TECNOLOGÍA EN AUTOMATIZACIÓN INDUSTRIAL'),(290,'LICENCIATURA EN EDUCACIÓN PARA LA PRIMERA INFANCIA'),(336,'LICENCIATURA EN LENGUA INGLESA'),(500,'LICENCIATURA EN EDUCACIÓN PARA LA PRIMERA INFANCIA - COLOMBO GERMANA'),(546,'TECNOLOGÍA EN DESARROLLO DE SISTEMAS ELECTRÓNICOS Y DE TELECOMUNICACIONES'),(555,'TECNOLOGÍA EN DESARROLLO DE SOFTWARE'),(563,'INGENIERÍA MULTIMEDIA');
/*!40000 ALTER TABLE `programas` ENABLE KEYS */;
UNLOCK TABLES;

--
-- Table structure for table `salones`
--

DROP TABLE IF EXISTS `salones`;
/*!40101 SET @saved_cs_client     = @@character_set_client */;
/*!40101 SET character_set_client = utf8 */;
CREATE TABLE `salones` (
  `CODIGO` varchar(11) NOT NULL,
  `NOMBRE` varchar(100) DEFAULT NULL,
  `ESTADO` varchar(10) DEFAULT NULL,
  `EDI_CODIGO` int(11) DEFAULT NULL,
  `CAPACIDAD` int(11) DEFAULT NULL,
  PRIMARY KEY (`CODIGO`),
  KEY `fk_salones_edificio_idx` (`EDI_CODIGO`),
  CONSTRAINT `fk_salones_edificio` FOREIGN KEY (`EDI_CODIGO`) REFERENCES `edificios` (`CODIGO`) ON DELETE NO ACTION ON UPDATE NO ACTION
) ENGINE=InnoDB DEFAULT CHARSET=utf8;
/*!40101 SET character_set_client = @saved_cs_client */;

--
-- Dumping data for table `salones`
--

LOCK TABLES `salones` WRITE;
/*!40000 ALTER TABLE `salones` DISABLE KEYS */;
INSERT INTO `salones` VALUES ('104PS','104PS','1',2,22),('105PS','105PS','1',2,23),('106PS','106PS','1',2,24),('107PS','107PS','1',2,23),('204DS','204DS','1',4,40),('204PS','204PS','1',2,40),('205DS','205DS','1',4,45),('205PS','205PS','1',2,40),('206PS','206PS','1',2,40),('207PS','207PS','1',2,42),('208PS','208PS','1',2,45),('301DS','301DS','1',4,30),('302DS','302DS','1',4,25),('303DB','303DB','1',1,45),('303DS','303DS','1',4,30),('303PS','303PS','1',2,45),('304DB','304DB','1',1,45),('304DS','304DS','1',4,25),('304PS','304PS','1',2,45),('305DB','305DB','1',1,45),('305DS','305DS','1',4,30),('305PS','305PS','1',2,45),('306DB','306DB','1',1,45),('306DS','306DS','1',4,25),('306PS','306PS','1',2,45),('307DB','307DB','1',1,45),('307DS','307DS','1',4,30),('307PS','307PS','1',2,45),('308DS','308DS','1',4,25),('309DS','309DS','1',4,30),('310DS','310DS','1',4,25),('313DS','313DS','1',4,22),('314DS','314DS','1',4,20),('315DS','315DS','1',4,22),('316DS','316DS','1',4,22),('317DS','317DS','1',4,34),('318DS','318DS','1',4,31),('401DS','401DS','1',4,28),('402DS','402DS','1',4,23),('403DS','403DS','1',4,35),('404DB','404DB','1',1,40),('404DS','404DS','1',4,22),('405DB','405DB','1',1,40),('405DS','405DS','1',4,35),('406DB','406DB','1',1,40),('406DS','406DS','1',4,22),('407DB','407DB','1',1,40),('407DS','407DS','1',4,35),('408DS','408DS','1',4,20),('409DS','409DS','1',4,35),('410DS','410DS','1',4,23),('415DS','415DS','1',4,40),('416DS','416DS','1',4,40),('417DS','417DS','1',4,40),('418DS','418DS','1',4,40),('419DS','419DS','1',4,40),('514DS','514DS','1',4,20),('515DS','515DS','1',4,20),('516DS','516DS','1',4,29),('517DS','517DS','1',4,20),('518DS','518DS','1',4,25),('519DS','519DS','1',4,21);
/*!40000 ALTER TABLE `salones` ENABLE KEYS */;
UNLOCK TABLES;

--
-- Table structure for table `usuarios`
--

DROP TABLE IF EXISTS `usuarios`;
/*!40101 SET @saved_cs_client     = @@character_set_client */;
/*!40101 SET character_set_client = utf8 */;
CREATE TABLE `usuarios` (
  `CODIGO` int(11) NOT NULL AUTO_INCREMENT,
  `NOMBRE` varchar(100) DEFAULT NULL,
  `APELLIDO` varchar(100) DEFAULT NULL,
  `DOCUMENTO` mediumtext,
  `CLAVE` varchar(100) DEFAULT NULL,
  PRIMARY KEY (`CODIGO`)
) ENGINE=InnoDB AUTO_INCREMENT=11 DEFAULT CHARSET=utf8;
/*!40101 SET character_set_client = @saved_cs_client */;

--
-- Dumping data for table `usuarios`
--

LOCK TABLES `usuarios` WRITE;
/*!40000 ALTER TABLE `usuarios` DISABLE KEYS */;
INSERT INTO `usuarios` VALUES (9,'Cesar','Antolinez','1012426979','827ccb0eea8a706c4c34a16891f84e7b'),(10,'Cesar','Ejemplo','123456789','827ccb0eea8a706c4c34a16891f84e7b');
/*!40000 ALTER TABLE `usuarios` ENABLE KEYS */;
UNLOCK TABLES;
/*!40103 SET TIME_ZONE=@OLD_TIME_ZONE */;

/*!40101 SET SQL_MODE=@OLD_SQL_MODE */;
/*!40014 SET FOREIGN_KEY_CHECKS=@OLD_FOREIGN_KEY_CHECKS */;
/*!40014 SET UNIQUE_CHECKS=@OLD_UNIQUE_CHECKS */;
/*!40101 SET CHARACTER_SET_CLIENT=@OLD_CHARACTER_SET_CLIENT */;
/*!40101 SET CHARACTER_SET_RESULTS=@OLD_CHARACTER_SET_RESULTS */;
/*!40101 SET COLLATION_CONNECTION=@OLD_COLLATION_CONNECTION */;
/*!40111 SET SQL_NOTES=@OLD_SQL_NOTES */;

-- Dump completed on 2018-04-23 22:43:06
